,timestamp,Humidity,Temperature,Motion
0,Tue Feb 23 12:59:45 2021,70.0,22.0,0
1,Tue Feb 23 12:59:45 2021,70.0,22.0,0
2,Tue Feb 23 12:59:45 2021,70.0,22.0,0
3,Tue Feb 23 12:59:45 2021,70.0,22.0,0
4,Tue Feb 23 12:59:45 2021,70.0,22.0,0
5,Tue Feb 23 12:59:45 2021,70.0,22.0,0
6,Tue Feb 23 12:59:45 2021,70.0,22.0,0
7,Tue Feb 23 12:59:45 2021,70.0,22.0,0
8,Tue Feb 23 12:59:45 2021,70.0,22.0,0
9,Tue Feb 23 12:59:45 2021,70.0,22.0,0
10,Tue Feb 23 12:59:45 2021,70.0,22.0,0
11,Tue Feb 23 12:59:45 2021,70.0,22.0,0
12,Tue Feb 23 12:59:45 2021,70.0,22.0,0
13,Tue Feb 23 12:59:45 2021,70.0,22.0,0
14,Tue Feb 23 12:59:45 2021,70.0,22.0,0
15,Tue Feb 23 12:59:45 2021,70.0,22.0,0
16,Tue Feb 23 12:59:45 2021,70.0,22.0,0
17,Tue Feb 23 12:59:45 2021,70.0,22.0,0
18,Tue Feb 23 12:59:45 2021,70.0,22.0,0
19,Tue Feb 23 12:59:45 2021,70.0,22.0,0
20,Tue Feb 23 12:59:45 2021,70.0,22.0,0
21,Tue Feb 23 12:59:45 2021,70.0,22.0,0
22,Tue Feb 23 12:59:45 2021,70.0,22.0,0
23,Tue Feb 23 12:59:45 2021,70.0,22.0,0
24,Tue Feb 23 12:59:45 2021,70.0,22.0,0
25,Tue Feb 23 12:59:45 2021,70.0,22.0,0
26,Tue Feb 23 12:59:45 2021,70.0,22.0,0
27,Tue Feb 23 12:59:45 2021,70.0,22.0,0
28,Tue Feb 23 12:59:45 2021,70.0,22.0,0
29,Tue Feb 23 12:59:45 2021,70.0,22.0,0
30,Tue Feb 23 12:59:45 2021,70.0,22.0,0
31,Tue Feb 23 12:59:45 2021,70.0,22.0,0
32,Tue Feb 23 12:59:45 2021,70.0,22.0,0
33,Tue Feb 23 12:59:45 2021,70.0,22.0,0
34,Tue Feb 23 12:59:45 2021,70.0,22.0,0
35,Tue Feb 23 12:59:45 2021,70.0,22.0,0
36,Tue Feb 23 12:59:45 2021,70.0,22.0,0
37,Tue Feb 23 12:59:45 2021,70.0,22.0,0
38,Tue Feb 23 12:59:45 2021,70.0,22.0,0
39,Tue Feb 23 12:59:45 2021,70.0,22.0,0
40,Tue Feb 23 12:59:45 2021,70.0,22.0,0
41,Tue Feb 23 12:59:45 2021,70.0,22.0,0
42,Tue Feb 23 12:59:45 2021,70.0,22.0,0
43,Tue Feb 23 12:59:45 2021,70.0,22.0,0
44,Tue Feb 23 12:59:45 2021,70.0,22.0,0
45,Tue Feb 23 12:59:45 2021,70.0,22.0,0
46,Tue Feb 23 12:59:45 2021,70.0,22.0,0
47,Tue Feb 23 12:59:45 2021,70.0,22.0,0
48,Tue Feb 23 12:59:45 2021,70.0,22.0,0
49,Tue Feb 23 12:59:45 2021,70.0,22.0,0
50,Tue Feb 23 12:59:45 2021,70.0,22.0,0
51,Tue Feb 23 12:59:45 2021,70.0,22.0,0
52,Tue Feb 23 12:59:45 2021,70.0,22.0,0
53,Tue Feb 23 12:59:45 2021,70.0,22.0,0
54,Tue Feb 23 12:59:45 2021,70.0,22.0,0
55,Tue Feb 23 12:59:45 2021,70.0,22.0,0
56,Tue Feb 23 12:59:45 2021,70.0,22.0,0
57,Tue Feb 23 12:59:45 2021,70.0,22.0,0
58,Tue Feb 23 12:59:46 2021,70.0,22.0,0
59,Tue Feb 23 12:59:46 2021,70.0,22.0,0
60,Tue Feb 23 12:59:46 2021,70.0,22.0,0
61,Tue Feb 23 12:59:46 2021,70.0,22.0,0
62,Tue Feb 23 12:59:46 2021,70.0,22.0,0
63,Tue Feb 23 12:59:46 2021,70.0,22.0,0
64,Tue Feb 23 12:59:46 2021,70.0,22.0,0
65,Tue Feb 23 12:59:46 2021,70.0,22.0,0
66,Tue Feb 23 12:59:46 2021,70.0,22.0,0
67,Tue Feb 23 12:59:46 2021,70.0,22.0,0
68,Tue Feb 23 12:59:46 2021,70.0,22.0,0
69,Tue Feb 23 12:59:46 2021,70.0,22.0,0
70,Tue Feb 23 12:59:46 2021,70.0,22.0,0
71,Tue Feb 23 12:59:46 2021,70.0,22.0,0
72,Tue Feb 23 12:59:46 2021,70.0,22.0,0
73,Tue Feb 23 12:59:46 2021,70.0,22.0,0
74,Tue Feb 23 12:59:46 2021,70.0,22.0,0
75,Tue Feb 23 12:59:46 2021,70.0,22.0,0
76,Tue Feb 23 12:59:46 2021,70.0,22.0,0
77,Tue Feb 23 12:59:46 2021,70.0,22.0,0
78,Tue Feb 23 12:59:46 2021,70.0,22.0,0
79,Tue Feb 23 12:59:46 2021,70.0,22.0,0
80,Tue Feb 23 12:59:46 2021,70.0,22.0,0
81,Tue Feb 23 12:59:46 2021,70.0,22.0,0
82,Tue Feb 23 12:59:46 2021,70.0,22.0,0
83,Tue Feb 23 12:59:46 2021,70.0,22.0,0
84,Tue Feb 23 12:59:46 2021,70.0,22.0,0
85,Tue Feb 23 12:59:46 2021,70.0,22.0,0
86,Tue Feb 23 12:59:46 2021,70.0,22.0,0
87,Tue Feb 23 12:59:46 2021,70.0,22.0,0
88,Tue Feb 23 12:59:46 2021,70.0,22.0,0
89,Tue Feb 23 12:59:46 2021,70.0,22.0,0
90,Tue Feb 23 12:59:46 2021,70.0,22.0,0
91,Tue Feb 23 12:59:46 2021,70.0,22.0,0
92,Tue Feb 23 12:59:46 2021,70.0,22.0,0
93,Tue Feb 23 12:59:46 2021,70.0,22.0,0
94,Tue Feb 23 12:59:46 2021,70.0,22.0,0
95,Tue Feb 23 12:59:46 2021,70.0,22.0,0
96,Tue Feb 23 12:59:46 2021,70.0,22.0,0
97,Tue Feb 23 12:59:46 2021,70.0,22.0,0
98,Tue Feb 23 12:59:46 2021,70.0,22.0,0
99,Tue Feb 23 12:59:46 2021,70.0,22.0,0
100,Tue Feb 23 12:59:46 2021,70.0,22.0,0
101,Tue Feb 23 12:59:46 2021,70.0,22.0,0
102,Tue Feb 23 12:59:46 2021,70.0,22.0,0
103,Tue Feb 23 12:59:46 2021,70.0,22.0,0
104,Tue Feb 23 12:59:46 2021,70.0,22.0,0
105,Tue Feb 23 12:59:46 2021,70.0,22.0,0
106,Tue Feb 23 12:59:46 2021,70.0,22.0,0
107,Tue Feb 23 12:59:46 2021,70.0,22.0,0
108,Tue Feb 23 12:59:46 2021,70.0,22.0,0
109,Tue Feb 23 12:59:46 2021,70.0,22.0,0
110,Tue Feb 23 12:59:46 2021,70.0,22.0,0
111,Tue Feb 23 12:59:46 2021,70.0,22.0,0
112,Tue Feb 23 12:59:46 2021,70.0,22.0,0
113,Tue Feb 23 12:59:46 2021,70.0,22.0,0
114,Tue Feb 23 12:59:46 2021,70.0,22.0,0
115,Tue Feb 23 12:59:46 2021,70.0,22.0,0
116,Tue Feb 23 12:59:46 2021,70.0,22.0,0
117,Tue Feb 23 12:59:46 2021,70.0,22.0,0
118,Tue Feb 23 12:59:46 2021,70.0,22.0,0
119,Tue Feb 23 12:59:46 2021,70.0,22.0,0
120,Tue Feb 23 12:59:46 2021,70.0,22.0,0
121,Tue Feb 23 12:59:46 2021,70.0,22.0,0
122,Tue Feb 23 12:59:46 2021,70.0,22.0,0
123,Tue Feb 23 12:59:46 2021,70.0,22.0,0
124,Tue Feb 23 12:59:46 2021,70.0,22.0,0
125,Tue Feb 23 12:59:46 2021,70.0,22.0,0
126,Tue Feb 23 12:59:46 2021,70.0,22.0,0
127,Tue Feb 23 12:59:46 2021,70.0,22.0,0
128,Tue Feb 23 12:59:46 2021,70.0,22.0,0
129,Tue Feb 23 12:59:46 2021,70.0,22.0,0
130,Tue Feb 23 12:59:46 2021,70.0,22.0,0
131,Tue Feb 23 12:59:46 2021,70.0,22.0,0
132,Tue Feb 23 12:59:46 2021,70.0,22.0,0
133,Tue Feb 23 12:59:46 2021,70.0,22.0,0
134,Tue Feb 23 12:59:46 2021,70.0,22.0,0
135,Tue Feb 23 12:59:46 2021,70.0,22.0,0
136,Tue Feb 23 12:59:46 2021,70.0,22.0,0
137,Tue Feb 23 12:59:46 2021,70.0,22.0,0
138,Tue Feb 23 12:59:46 2021,70.0,22.0,0
139,Tue Feb 23 12:59:46 2021,70.0,22.0,0
140,Tue Feb 23 12:59:46 2021,70.0,22.0,0
141,Tue Feb 23 12:59:46 2021,70.0,22.0,0
142,Tue Feb 23 12:59:46 2021,70.0,22.0,0
143,Tue Feb 23 12:59:46 2021,70.0,22.0,0
144,Tue Feb 23 12:59:46 2021,70.0,22.0,0
145,Tue Feb 23 12:59:46 2021,70.0,22.0,0
146,Tue Feb 23 12:59:46 2021,70.0,22.0,0
147,Tue Feb 23 12:59:46 2021,70.0,22.0,0
148,Tue Feb 23 12:59:46 2021,70.0,22.0,0
149,Tue Feb 23 12:59:46 2021,70.0,22.0,0
150,Tue Feb 23 12:59:46 2021,70.0,22.0,0
151,Tue Feb 23 12:59:46 2021,70.0,22.0,0
152,Tue Feb 23 12:59:46 2021,70.0,22.0,0
153,Tue Feb 23 12:59:46 2021,70.0,22.0,0
154,Tue Feb 23 12:59:46 2021,70.0,22.0,0
155,Tue Feb 23 12:59:46 2021,70.0,22.0,0
156,Tue Feb 23 12:59:46 2021,70.0,22.0,0
157,Tue Feb 23 12:59:46 2021,70.0,22.0,0
158,Tue Feb 23 12:59:46 2021,70.0,22.0,0
159,Tue Feb 23 12:59:46 2021,70.0,22.0,0
160,Tue Feb 23 12:59:46 2021,70.0,22.0,0
161,Tue Feb 23 12:59:46 2021,70.0,22.0,0
162,Tue Feb 23 12:59:46 2021,70.0,22.0,0
163,Tue Feb 23 12:59:46 2021,70.0,22.0,0
164,Tue Feb 23 12:59:46 2021,70.0,22.0,0
165,Tue Feb 23 12:59:46 2021,70.0,22.0,0
166,Tue Feb 23 12:59:46 2021,70.0,22.0,0
167,Tue Feb 23 12:59:46 2021,70.0,22.0,0
168,Tue Feb 23 12:59:46 2021,70.0,22.0,0
169,Tue Feb 23 12:59:46 2021,70.0,22.0,0
170,Tue Feb 23 12:59:46 2021,70.0,22.0,0
171,Tue Feb 23 12:59:47 2021,70.0,22.0,0
172,Tue Feb 23 12:59:47 2021,70.0,22.0,0
173,Tue Feb 23 12:59:47 2021,70.0,22.0,0
174,Tue Feb 23 12:59:47 2021,70.0,22.0,0
175,Tue Feb 23 12:59:47 2021,161.0,11.0,0
176,Tue Feb 23 12:59:47 2021,161.0,11.0,0
177,Tue Feb 23 12:59:47 2021,161.0,11.0,0
178,Tue Feb 23 12:59:47 2021,161.0,11.0,0
179,Tue Feb 23 12:59:47 2021,161.0,11.0,0
180,Tue Feb 23 12:59:47 2021,161.0,11.0,0
181,Tue Feb 23 12:59:47 2021,161.0,11.0,0
182,Tue Feb 23 12:59:47 2021,161.0,11.0,0
183,Tue Feb 23 12:59:47 2021,161.0,11.0,0
184,Tue Feb 23 12:59:47 2021,161.0,11.0,0
185,Tue Feb 23 12:59:47 2021,161.0,11.0,0
186,Tue Feb 23 12:59:47 2021,161.0,11.0,0
187,Tue Feb 23 12:59:47 2021,161.0,11.0,0
188,Tue Feb 23 12:59:47 2021,161.0,11.0,0
189,Tue Feb 23 12:59:47 2021,161.0,11.0,0
190,Tue Feb 23 12:59:47 2021,161.0,11.0,0
191,Tue Feb 23 12:59:47 2021,161.0,11.0,0
192,Tue Feb 23 12:59:47 2021,161.0,11.0,0
193,Tue Feb 23 12:59:47 2021,161.0,11.0,0
194,Tue Feb 23 12:59:47 2021,161.0,11.0,0
195,Tue Feb 23 12:59:47 2021,161.0,11.0,0
196,Tue Feb 23 12:59:47 2021,161.0,11.0,0
197,Tue Feb 23 12:59:47 2021,161.0,11.0,0
198,Tue Feb 23 12:59:47 2021,161.0,11.0,0
199,Tue Feb 23 12:59:47 2021,161.0,11.0,0
200,Tue Feb 23 12:59:47 2021,161.0,11.0,0
201,Tue Feb 23 12:59:47 2021,161.0,11.0,0
202,Tue Feb 23 12:59:47 2021,161.0,11.0,0
203,Tue Feb 23 12:59:47 2021,161.0,11.0,0
204,Tue Feb 23 12:59:47 2021,161.0,11.0,0
205,Tue Feb 23 12:59:47 2021,161.0,11.0,0
206,Tue Feb 23 12:59:47 2021,161.0,11.0,0
207,Tue Feb 23 12:59:47 2021,161.0,11.0,0
208,Tue Feb 23 12:59:47 2021,161.0,11.0,0
209,Tue Feb 23 12:59:47 2021,161.0,11.0,0
210,Tue Feb 23 12:59:47 2021,161.0,11.0,0
211,Tue Feb 23 12:59:47 2021,161.0,11.0,0
212,Tue Feb 23 12:59:47 2021,161.0,11.0,0
213,Tue Feb 23 12:59:47 2021,161.0,11.0,0
214,Tue Feb 23 12:59:47 2021,161.0,11.0,0
215,Tue Feb 23 12:59:47 2021,161.0,11.0,0
216,Tue Feb 23 12:59:47 2021,161.0,11.0,0
217,Tue Feb 23 12:59:47 2021,161.0,11.0,0
218,Tue Feb 23 12:59:47 2021,161.0,11.0,0
219,Tue Feb 23 12:59:47 2021,161.0,11.0,0
220,Tue Feb 23 12:59:47 2021,161.0,11.0,0
221,Tue Feb 23 12:59:47 2021,161.0,11.0,0
222,Tue Feb 23 12:59:47 2021,161.0,11.0,0
223,Tue Feb 23 12:59:47 2021,161.0,11.0,0
224,Tue Feb 23 12:59:47 2021,161.0,11.0,0
225,Tue Feb 23 12:59:47 2021,161.0,11.0,0
226,Tue Feb 23 12:59:47 2021,161.0,11.0,0
227,Tue Feb 23 12:59:47 2021,161.0,11.0,0
228,Tue Feb 23 12:59:47 2021,161.0,11.0,0
229,Tue Feb 23 12:59:47 2021,161.0,11.0,0
230,Tue Feb 23 12:59:47 2021,161.0,11.0,0
231,Tue Feb 23 12:59:47 2021,161.0,11.0,0
232,Tue Feb 23 12:59:48 2021,161.0,11.0,0
233,Tue Feb 23 12:59:48 2021,161.0,11.0,0
234,Tue Feb 23 12:59:48 2021,161.0,11.0,0
235,Tue Feb 23 12:59:48 2021,161.0,11.0,0
236,Tue Feb 23 12:59:48 2021,161.0,11.0,0
237,Tue Feb 23 12:59:48 2021,161.0,11.0,0
238,Tue Feb 23 12:59:48 2021,161.0,11.0,0
239,Tue Feb 23 12:59:48 2021,161.0,11.0,0
240,Tue Feb 23 12:59:48 2021,161.0,11.0,0
241,Tue Feb 23 12:59:48 2021,161.0,11.0,0
242,Tue Feb 23 12:59:48 2021,161.0,11.0,0
243,Tue Feb 23 12:59:48 2021,161.0,11.0,0
244,Tue Feb 23 12:59:48 2021,161.0,11.0,0
245,Tue Feb 23 12:59:48 2021,161.0,11.0,0
246,Tue Feb 23 12:59:48 2021,161.0,11.0,0
247,Tue Feb 23 12:59:48 2021,161.0,11.0,0
248,Tue Feb 23 12:59:48 2021,161.0,11.0,0
249,Tue Feb 23 12:59:48 2021,161.0,11.0,0
250,Tue Feb 23 12:59:48 2021,161.0,11.0,0
251,Tue Feb 23 12:59:48 2021,161.0,11.0,0
252,Tue Feb 23 12:59:48 2021,161.0,11.0,0
253,Tue Feb 23 12:59:48 2021,161.0,11.0,0
254,Tue Feb 23 12:59:48 2021,161.0,11.0,0
255,Tue Feb 23 12:59:48 2021,161.0,11.0,0
256,Tue Feb 23 12:59:48 2021,161.0,11.0,0
257,Tue Feb 23 12:59:48 2021,161.0,11.0,0
258,Tue Feb 23 12:59:48 2021,161.0,11.0,0
259,Tue Feb 23 12:59:48 2021,161.0,11.0,0
260,Tue Feb 23 12:59:48 2021,161.0,11.0,0
261,Tue Feb 23 12:59:48 2021,161.0,11.0,0
262,Tue Feb 23 12:59:48 2021,161.0,11.0,0
263,Tue Feb 23 12:59:48 2021,161.0,11.0,0
264,Tue Feb 23 12:59:48 2021,161.0,11.0,0
265,Tue Feb 23 12:59:48 2021,161.0,11.0,0
266,Tue Feb 23 12:59:48 2021,161.0,11.0,0
267,Tue Feb 23 12:59:48 2021,161.0,11.0,0
268,Tue Feb 23 12:59:48 2021,161.0,11.0,0
269,Tue Feb 23 12:59:48 2021,161.0,11.0,0
270,Tue Feb 23 12:59:48 2021,161.0,11.0,0
271,Tue Feb 23 12:59:48 2021,161.0,11.0,0
272,Tue Feb 23 12:59:48 2021,161.0,11.0,0
273,Tue Feb 23 12:59:48 2021,161.0,11.0,0
274,Tue Feb 23 12:59:48 2021,161.0,11.0,0
275,Tue Feb 23 12:59:48 2021,161.0,11.0,0
276,Tue Feb 23 12:59:48 2021,161.0,11.0,0
277,Tue Feb 23 12:59:48 2021,161.0,11.0,0
278,Tue Feb 23 12:59:48 2021,161.0,11.0,0
279,Tue Feb 23 12:59:48 2021,161.0,11.0,0
280,Tue Feb 23 12:59:48 2021,161.0,11.0,0
281,Tue Feb 23 12:59:48 2021,161.0,11.0,0
282,Tue Feb 23 12:59:48 2021,161.0,11.0,0
283,Tue Feb 23 12:59:48 2021,161.0,11.0,0
284,Tue Feb 23 12:59:48 2021,161.0,11.0,0
285,Tue Feb 23 12:59:48 2021,161.0,11.0,0
286,Tue Feb 23 12:59:48 2021,161.0,11.0,0
287,Tue Feb 23 12:59:48 2021,161.0,11.0,0
288,Tue Feb 23 12:59:48 2021,161.0,11.0,0
289,Tue Feb 23 12:59:48 2021,161.0,11.0,0
290,Tue Feb 23 12:59:48 2021,161.0,11.0,0
291,Tue Feb 23 12:59:48 2021,161.0,11.0,0
292,Tue Feb 23 12:59:48 2021,161.0,11.0,0
293,Tue Feb 23 12:59:48 2021,161.0,11.0,0
294,Tue Feb 23 12:59:48 2021,161.0,11.0,0
295,Tue Feb 23 12:59:48 2021,161.0,11.0,0
296,Tue Feb 23 12:59:48 2021,161.0,11.0,0
297,Tue Feb 23 12:59:48 2021,161.0,11.0,0
298,Tue Feb 23 12:59:48 2021,161.0,11.0,0
299,Tue Feb 23 12:59:48 2021,161.0,11.0,0
300,Tue Feb 23 12:59:48 2021,161.0,11.0,0
301,Tue Feb 23 12:59:48 2021,161.0,11.0,0
302,Tue Feb 23 12:59:48 2021,161.0,11.0,0
303,Tue Feb 23 12:59:48 2021,161.0,11.0,0
304,Tue Feb 23 12:59:48 2021,161.0,11.0,0
305,Tue Feb 23 12:59:48 2021,161.0,11.0,0
306,Tue Feb 23 12:59:48 2021,161.0,11.0,0
307,Tue Feb 23 12:59:48 2021,161.0,11.0,0
308,Tue Feb 23 12:59:48 2021,161.0,11.0,0
309,Tue Feb 23 12:59:48 2021,161.0,11.0,0
310,Tue Feb 23 12:59:48 2021,161.0,11.0,0
311,Tue Feb 23 12:59:48 2021,161.0,11.0,0
312,Tue Feb 23 12:59:48 2021,161.0,11.0,0
313,Tue Feb 23 12:59:48 2021,161.0,11.0,0
314,Tue Feb 23 12:59:48 2021,161.0,11.0,0
315,Tue Feb 23 12:59:48 2021,161.0,11.0,0
316,Tue Feb 23 12:59:48 2021,161.0,11.0,0
317,Tue Feb 23 12:59:48 2021,161.0,11.0,0
318,Tue Feb 23 12:59:48 2021,161.0,11.0,0
319,Tue Feb 23 12:59:48 2021,161.0,11.0,0
320,Tue Feb 23 12:59:48 2021,161.0,11.0,0
321,Tue Feb 23 12:59:48 2021,161.0,11.0,0
322,Tue Feb 23 12:59:48 2021,161.0,11.0,0
323,Tue Feb 23 12:59:48 2021,161.0,11.0,0
324,Tue Feb 23 12:59:48 2021,161.0,11.0,0
325,Tue Feb 23 12:59:48 2021,161.0,11.0,0
326,Tue Feb 23 12:59:48 2021,161.0,11.0,0
327,Tue Feb 23 12:59:48 2021,161.0,11.0,0
328,Tue Feb 23 12:59:48 2021,161.0,11.0,0
329,Tue Feb 23 12:59:48 2021,161.0,11.0,0
330,Tue Feb 23 12:59:48 2021,161.0,11.0,0
331,Tue Feb 23 12:59:48 2021,161.0,11.0,0
332,Tue Feb 23 12:59:48 2021,161.0,11.0,0
333,Tue Feb 23 12:59:48 2021,161.0,11.0,0
334,Tue Feb 23 12:59:48 2021,161.0,11.0,0
335,Tue Feb 23 12:59:48 2021,161.0,11.0,0
336,Tue Feb 23 12:59:48 2021,161.0,11.0,0
337,Tue Feb 23 12:59:48 2021,161.0,11.0,0
338,Tue Feb 23 12:59:48 2021,161.0,11.0,0
339,Tue Feb 23 12:59:48 2021,161.0,11.0,0
340,Tue Feb 23 12:59:48 2021,161.0,11.0,0
341,Tue Feb 23 12:59:48 2021,161.0,11.0,0
342,Tue Feb 23 12:59:48 2021,161.0,11.0,0
343,Tue Feb 23 12:59:48 2021,161.0,11.0,0
344,Tue Feb 23 12:59:48 2021,161.0,11.0,0
345,Tue Feb 23 12:59:48 2021,161.0,11.0,0
346,Tue Feb 23 12:59:48 2021,161.0,11.0,0
347,Tue Feb 23 12:59:48 2021,161.0,11.0,0
348,Tue Feb 23 12:59:48 2021,161.0,11.0,0
349,Tue Feb 23 12:59:48 2021,161.0,11.0,0
350,Tue Feb 23 12:59:48 2021,161.0,11.0,0
351,Tue Feb 23 12:59:48 2021,161.0,11.0,0
352,Tue Feb 23 12:59:49 2021,161.0,11.0,0
353,Tue Feb 23 12:59:49 2021,161.0,11.0,0
354,Tue Feb 23 12:59:49 2021,161.0,11.0,0
355,Tue Feb 23 12:59:49 2021,161.0,11.0,0
356,Tue Feb 23 12:59:49 2021,161.0,11.0,0
357,Tue Feb 23 12:59:49 2021,161.0,11.0,0
358,Tue Feb 23 12:59:49 2021,161.0,11.0,0
359,Tue Feb 23 12:59:49 2021,161.0,11.0,0
360,Tue Feb 23 12:59:49 2021,161.0,11.0,0
361,Tue Feb 23 12:59:49 2021,161.0,11.0,0
362,Tue Feb 23 12:59:49 2021,161.0,11.0,0
363,Tue Feb 23 12:59:49 2021,161.0,11.0,0
364,Tue Feb 23 12:59:49 2021,161.0,11.0,0
365,Tue Feb 23 12:59:49 2021,161.0,11.0,0
366,Tue Feb 23 12:59:49 2021,161.0,11.0,0
367,Tue Feb 23 12:59:49 2021,161.0,11.0,0
368,Tue Feb 23 12:59:49 2021,161.0,11.0,0
369,Tue Feb 23 12:59:49 2021,161.0,11.0,0
370,Tue Feb 23 12:59:49 2021,161.0,11.0,0
371,Tue Feb 23 12:59:49 2021,161.0,11.0,0
372,Tue Feb 23 12:59:49 2021,161.0,11.0,0
373,Tue Feb 23 12:59:49 2021,161.0,11.0,0
374,Tue Feb 23 12:59:49 2021,161.0,11.0,0
375,Tue Feb 23 12:59:49 2021,161.0,11.0,0
376,Tue Feb 23 12:59:49 2021,161.0,11.0,0
377,Tue Feb 23 12:59:49 2021,161.0,11.0,0
378,Tue Feb 23 12:59:49 2021,161.0,11.0,0
379,Tue Feb 23 12:59:49 2021,161.0,11.0,0
380,Tue Feb 23 12:59:49 2021,161.0,11.0,0
381,Tue Feb 23 12:59:49 2021,161.0,11.0,0
382,Tue Feb 23 12:59:49 2021,161.0,11.0,0
383,Tue Feb 23 12:59:49 2021,161.0,11.0,0
384,Tue Feb 23 12:59:49 2021,161.0,11.0,0
385,Tue Feb 23 12:59:49 2021,161.0,11.0,0
386,Tue Feb 23 12:59:49 2021,161.0,11.0,0
387,Tue Feb 23 12:59:49 2021,161.0,11.0,0
388,Tue Feb 23 12:59:49 2021,161.0,11.0,0
389,Tue Feb 23 12:59:49 2021,161.0,11.0,0
390,Tue Feb 23 12:59:49 2021,161.0,11.0,0
391,Tue Feb 23 12:59:49 2021,161.0,11.0,0
392,Tue Feb 23 12:59:49 2021,161.0,11.0,0
393,Tue Feb 23 12:59:49 2021,161.0,11.0,0
394,Tue Feb 23 12:59:49 2021,161.0,11.0,0
395,Tue Feb 23 12:59:49 2021,161.0,11.0,0
396,Tue Feb 23 12:59:49 2021,161.0,11.0,0
397,Tue Feb 23 12:59:49 2021,161.0,11.0,0
398,Tue Feb 23 12:59:49 2021,161.0,11.0,0
399,Tue Feb 23 12:59:49 2021,161.0,11.0,0
400,Tue Feb 23 12:59:49 2021,161.0,11.0,0
401,Tue Feb 23 12:59:49 2021,161.0,11.0,0
402,Tue Feb 23 12:59:49 2021,161.0,11.0,0
403,Tue Feb 23 12:59:49 2021,161.0,11.0,0
404,Tue Feb 23 12:59:49 2021,161.0,11.0,0
405,Tue Feb 23 12:59:49 2021,161.0,11.0,0
406,Tue Feb 23 12:59:49 2021,161.0,11.0,0
407,Tue Feb 23 12:59:49 2021,161.0,11.0,0
408,Tue Feb 23 12:59:49 2021,161.0,11.0,0
409,Tue Feb 23 12:59:49 2021,161.0,11.0,0
410,Tue Feb 23 12:59:49 2021,161.0,11.0,0
411,Tue Feb 23 12:59:49 2021,161.0,11.0,0
412,Tue Feb 23 12:59:49 2021,161.0,11.0,0
413,Tue Feb 23 12:59:49 2021,161.0,11.0,0
414,Tue Feb 23 12:59:49 2021,161.0,11.0,0
415,Tue Feb 23 12:59:49 2021,161.0,11.0,0
416,Tue Feb 23 12:59:49 2021,161.0,11.0,0
417,Tue Feb 23 12:59:49 2021,161.0,11.0,0
418,Tue Feb 23 12:59:49 2021,161.0,11.0,0
419,Tue Feb 23 12:59:49 2021,161.0,11.0,0
420,Tue Feb 23 12:59:49 2021,161.0,11.0,0
421,Tue Feb 23 12:59:49 2021,161.0,11.0,0
422,Tue Feb 23 12:59:49 2021,161.0,11.0,0
423,Tue Feb 23 12:59:50 2021,161.0,11.0,0
424,Tue Feb 23 12:59:50 2021,66.0,22.0,0
425,Tue Feb 23 12:59:50 2021,66.0,22.0,0
426,Tue Feb 23 12:59:50 2021,66.0,22.0,0
427,Tue Feb 23 12:59:50 2021,66.0,22.0,0
428,Tue Feb 23 12:59:50 2021,66.0,22.0,0
429,Tue Feb 23 12:59:50 2021,66.0,22.0,0
430,Tue Feb 23 12:59:50 2021,66.0,22.0,0
431,Tue Feb 23 12:59:50 2021,66.0,22.0,0
432,Tue Feb 23 12:59:50 2021,66.0,22.0,0
433,Tue Feb 23 12:59:50 2021,66.0,22.0,0
434,Tue Feb 23 12:59:50 2021,66.0,22.0,0
435,Tue Feb 23 12:59:50 2021,66.0,22.0,0
436,Tue Feb 23 12:59:50 2021,66.0,22.0,0
437,Tue Feb 23 12:59:50 2021,66.0,22.0,0
438,Tue Feb 23 12:59:50 2021,66.0,22.0,0
439,Tue Feb 23 12:59:50 2021,66.0,22.0,0
440,Tue Feb 23 12:59:50 2021,66.0,22.0,0
441,Tue Feb 23 12:59:50 2021,66.0,22.0,0
442,Tue Feb 23 12:59:50 2021,66.0,22.0,0
443,Tue Feb 23 12:59:50 2021,66.0,22.0,0
444,Tue Feb 23 12:59:50 2021,66.0,22.0,0
445,Tue Feb 23 12:59:50 2021,66.0,22.0,0
446,Tue Feb 23 12:59:50 2021,66.0,22.0,0
447,Tue Feb 23 12:59:50 2021,66.0,22.0,0
448,Tue Feb 23 12:59:50 2021,66.0,22.0,0
449,Tue Feb 23 12:59:50 2021,66.0,22.0,0
450,Tue Feb 23 12:59:50 2021,66.0,22.0,0
451,Tue Feb 23 12:59:50 2021,66.0,22.0,0
452,Tue Feb 23 12:59:50 2021,66.0,22.0,0
453,Tue Feb 23 12:59:50 2021,66.0,22.0,0
454,Tue Feb 23 12:59:50 2021,66.0,22.0,0
455,Tue Feb 23 12:59:50 2021,66.0,22.0,0
456,Tue Feb 23 12:59:50 2021,66.0,22.0,0
457,Tue Feb 23 12:59:50 2021,66.0,22.0,0
458,Tue Feb 23 12:59:50 2021,66.0,22.0,0
459,Tue Feb 23 12:59:50 2021,66.0,22.0,0
460,Tue Feb 23 12:59:50 2021,66.0,22.0,0
461,Tue Feb 23 12:59:50 2021,66.0,22.0,0
462,Tue Feb 23 12:59:50 2021,66.0,22.0,0
463,Tue Feb 23 12:59:50 2021,66.0,22.0,0
464,Tue Feb 23 12:59:50 2021,66.0,22.0,0
465,Tue Feb 23 12:59:50 2021,66.0,22.0,0
466,Tue Feb 23 12:59:50 2021,66.0,22.0,0
467,Tue Feb 23 12:59:50 2021,66.0,22.0,0
468,Tue Feb 23 12:59:50 2021,66.0,22.0,0
469,Tue Feb 23 12:59:50 2021,66.0,22.0,0
470,Tue Feb 23 12:59:50 2021,66.0,22.0,0
471,Tue Feb 23 12:59:50 2021,66.0,22.0,0
472,Tue Feb 23 12:59:50 2021,66.0,22.0,0
473,Tue Feb 23 12:59:50 2021,66.0,22.0,0
474,Tue Feb 23 12:59:50 2021,66.0,22.0,0
475,Tue Feb 23 12:59:50 2021,66.0,22.0,0
476,Tue Feb 23 12:59:50 2021,66.0,22.0,0
477,Tue Feb 23 12:59:50 2021,66.0,22.0,0
478,Tue Feb 23 12:59:50 2021,66.0,22.0,0
479,Tue Feb 23 12:59:50 2021,66.0,22.0,0
480,Tue Feb 23 12:59:50 2021,66.0,22.0,0
481,Tue Feb 23 12:59:50 2021,66.0,22.0,0
482,Tue Feb 23 12:59:50 2021,66.0,22.0,0
483,Tue Feb 23 12:59:50 2021,66.0,22.0,0
484,Tue Feb 23 12:59:50 2021,66.0,22.0,0
485,Tue Feb 23 12:59:50 2021,66.0,22.0,0
486,Tue Feb 23 12:59:50 2021,66.0,22.0,0
487,Tue Feb 23 12:59:50 2021,66.0,22.0,0
488,Tue Feb 23 12:59:50 2021,66.0,22.0,0
489,Tue Feb 23 12:59:50 2021,66.0,22.0,0
490,Tue Feb 23 12:59:50 2021,66.0,22.0,0
491,Tue Feb 23 12:59:50 2021,66.0,22.0,0
492,Tue Feb 23 12:59:50 2021,66.0,22.0,0
493,Tue Feb 23 12:59:50 2021,66.0,22.0,0
494,Tue Feb 23 12:59:50 2021,66.0,22.0,0
495,Tue Feb 23 12:59:50 2021,66.0,22.0,0
496,Tue Feb 23 12:59:50 2021,66.0,22.0,0
497,Tue Feb 23 12:59:50 2021,66.0,22.0,0
498,Tue Feb 23 12:59:50 2021,66.0,22.0,0
499,Tue Feb 23 12:59:50 2021,66.0,22.0,0
500,Tue Feb 23 12:59:50 2021,66.0,22.0,0
501,Tue Feb 23 12:59:50 2021,66.0,22.0,0
502,Tue Feb 23 12:59:50 2021,66.0,22.0,0
503,Tue Feb 23 12:59:50 2021,66.0,22.0,0
504,Tue Feb 23 12:59:50 2021,66.0,22.0,0
505,Tue Feb 23 12:59:50 2021,66.0,22.0,0
506,Tue Feb 23 12:59:50 2021,66.0,22.0,0
507,Tue Feb 23 12:59:50 2021,66.0,22.0,0
508,Tue Feb 23 12:59:50 2021,66.0,22.0,0
509,Tue Feb 23 12:59:50 2021,66.0,22.0,0
510,Tue Feb 23 12:59:50 2021,66.0,22.0,0
511,Tue Feb 23 12:59:50 2021,66.0,22.0,0
512,Tue Feb 23 12:59:50 2021,66.0,22.0,0
513,Tue Feb 23 12:59:50 2021,66.0,22.0,0
514,Tue Feb 23 12:59:50 2021,66.0,22.0,0
515,Tue Feb 23 12:59:50 2021,66.0,22.0,0
516,Tue Feb 23 12:59:50 2021,66.0,22.0,0
517,Tue Feb 23 12:59:50 2021,66.0,22.0,0
518,Tue Feb 23 12:59:50 2021,66.0,22.0,0
519,Tue Feb 23 12:59:50 2021,66.0,22.0,0
520,Tue Feb 23 12:59:51 2021,66.0,22.0,0
521,Tue Feb 23 12:59:51 2021,66.0,22.0,0
522,Tue Feb 23 12:59:51 2021,66.0,22.0,0
523,Tue Feb 23 12:59:51 2021,66.0,22.0,0
524,Tue Feb 23 12:59:51 2021,66.0,22.0,0
525,Tue Feb 23 12:59:51 2021,66.0,22.0,0
526,Tue Feb 23 12:59:51 2021,66.0,22.0,0
527,Tue Feb 23 12:59:51 2021,66.0,22.0,0
528,Tue Feb 23 12:59:51 2021,66.0,22.0,0
529,Tue Feb 23 12:59:51 2021,66.0,22.0,0
530,Tue Feb 23 12:59:51 2021,66.0,22.0,0
531,Tue Feb 23 12:59:51 2021,66.0,22.0,0
532,Tue Feb 23 12:59:51 2021,66.0,22.0,0
533,Tue Feb 23 12:59:51 2021,66.0,22.0,0
534,Tue Feb 23 12:59:51 2021,66.0,22.0,0
535,Tue Feb 23 12:59:51 2021,66.0,22.0,0
536,Tue Feb 23 12:59:51 2021,66.0,22.0,0
537,Tue Feb 23 12:59:51 2021,66.0,22.0,0
538,Tue Feb 23 12:59:51 2021,66.0,22.0,0
539,Tue Feb 23 12:59:51 2021,66.0,22.0,0
540,Tue Feb 23 12:59:51 2021,66.0,22.0,0
541,Tue Feb 23 12:59:51 2021,66.0,22.0,0
542,Tue Feb 23 12:59:51 2021,66.0,22.0,0
543,Tue Feb 23 12:59:51 2021,66.0,22.0,0
544,Tue Feb 23 12:59:51 2021,66.0,22.0,0
545,Tue Feb 23 12:59:51 2021,66.0,22.0,0
546,Tue Feb 23 12:59:51 2021,66.0,22.0,0
547,Tue Feb 23 12:59:51 2021,66.0,22.0,0
548,Tue Feb 23 12:59:51 2021,66.0,22.0,0
549,Tue Feb 23 12:59:51 2021,66.0,22.0,0
550,Tue Feb 23 12:59:51 2021,66.0,22.0,0
551,Tue Feb 23 12:59:51 2021,66.0,22.0,0
552,Tue Feb 23 12:59:51 2021,66.0,22.0,0
553,Tue Feb 23 12:59:51 2021,66.0,22.0,0
554,Tue Feb 23 12:59:51 2021,66.0,22.0,0
555,Tue Feb 23 12:59:51 2021,66.0,22.0,0
556,Tue Feb 23 12:59:51 2021,66.0,22.0,0
557,Tue Feb 23 12:59:51 2021,66.0,22.0,0
558,Tue Feb 23 12:59:51 2021,66.0,22.0,0
559,Tue Feb 23 12:59:51 2021,66.0,22.0,0
560,Tue Feb 23 12:59:51 2021,66.0,22.0,0
561,Tue Feb 23 12:59:51 2021,66.0,22.0,0
562,Tue Feb 23 12:59:51 2021,66.0,22.0,0
563,Tue Feb 23 12:59:51 2021,66.0,22.0,0
564,Tue Feb 23 12:59:51 2021,66.0,22.0,0
565,Tue Feb 23 12:59:51 2021,66.0,22.0,0
566,Tue Feb 23 12:59:51 2021,66.0,22.0,0
567,Tue Feb 23 12:59:51 2021,66.0,22.0,0
568,Tue Feb 23 12:59:51 2021,66.0,22.0,0
569,Tue Feb 23 12:59:51 2021,66.0,22.0,0
570,Tue Feb 23 12:59:51 2021,66.0,22.0,0
571,Tue Feb 23 12:59:51 2021,66.0,22.0,0
572,Tue Feb 23 12:59:51 2021,66.0,22.0,0
573,Tue Feb 23 12:59:51 2021,66.0,22.0,0
574,Tue Feb 23 12:59:51 2021,66.0,22.0,0
575,Tue Feb 23 12:59:51 2021,66.0,22.0,0
576,Tue Feb 23 12:59:51 2021,66.0,22.0,0
577,Tue Feb 23 12:59:51 2021,66.0,22.0,0
578,Tue Feb 23 12:59:51 2021,66.0,22.0,0
579,Tue Feb 23 12:59:51 2021,66.0,22.0,0
580,Tue Feb 23 12:59:51 2021,66.0,22.0,0
581,Tue Feb 23 12:59:51 2021,66.0,22.0,0
582,Tue Feb 23 12:59:51 2021,66.0,22.0,0
583,Tue Feb 23 12:59:51 2021,66.0,22.0,0
584,Tue Feb 23 12:59:51 2021,66.0,22.0,0
585,Tue Feb 23 12:59:51 2021,66.0,22.0,0
586,Tue Feb 23 12:59:51 2021,66.0,22.0,0
587,Tue Feb 23 12:59:51 2021,66.0,22.0,0
588,Tue Feb 23 12:59:51 2021,66.0,22.0,0
589,Tue Feb 23 12:59:51 2021,66.0,22.0,0
590,Tue Feb 23 12:59:51 2021,66.0,22.0,0
591,Tue Feb 23 12:59:51 2021,66.0,22.0,0
592,Tue Feb 23 12:59:51 2021,66.0,22.0,0
593,Tue Feb 23 12:59:51 2021,66.0,22.0,0
594,Tue Feb 23 12:59:51 2021,66.0,22.0,0
595,Tue Feb 23 12:59:51 2021,66.0,22.0,0
596,Tue Feb 23 12:59:51 2021,66.0,22.0,0
597,Tue Feb 23 12:59:51 2021,66.0,22.0,0
598,Tue Feb 23 12:59:51 2021,66.0,22.0,0
599,Tue Feb 23 12:59:51 2021,66.0,22.0,0
600,Tue Feb 23 12:59:51 2021,66.0,22.0,0
601,Tue Feb 23 12:59:51 2021,66.0,22.0,0
602,Tue Feb 23 12:59:51 2021,66.0,22.0,0
603,Tue Feb 23 12:59:51 2021,66.0,22.0,0
604,Tue Feb 23 12:59:51 2021,66.0,22.0,0
605,Tue Feb 23 12:59:51 2021,66.0,22.0,0
606,Tue Feb 23 12:59:51 2021,66.0,22.0,0
607,Tue Feb 23 12:59:51 2021,66.0,22.0,0
608,Tue Feb 23 12:59:51 2021,66.0,22.0,0
609,Tue Feb 23 12:59:51 2021,66.0,22.0,0
610,Tue Feb 23 12:59:51 2021,66.0,22.0,0
611,Tue Feb 23 12:59:51 2021,66.0,22.0,0
612,Tue Feb 23 12:59:51 2021,66.0,22.0,0
613,Tue Feb 23 12:59:51 2021,66.0,22.0,0
614,Tue Feb 23 12:59:51 2021,66.0,22.0,0
615,Tue Feb 23 12:59:51 2021,66.0,22.0,0
616,Tue Feb 23 12:59:51 2021,66.0,22.0,0
617,Tue Feb 23 12:59:51 2021,66.0,22.0,0
618,Tue Feb 23 12:59:51 2021,66.0,22.0,0
619,Tue Feb 23 12:59:51 2021,66.0,22.0,0
620,Tue Feb 23 12:59:51 2021,66.0,22.0,0
621,Tue Feb 23 12:59:51 2021,66.0,22.0,0
622,Tue Feb 23 12:59:51 2021,66.0,22.0,0
623,Tue Feb 23 12:59:51 2021,66.0,22.0,0
624,Tue Feb 23 12:59:51 2021,66.0,22.0,0
625,Tue Feb 23 12:59:51 2021,66.0,22.0,0
626,Tue Feb 23 12:59:51 2021,66.0,22.0,0
627,Tue Feb 23 12:59:51 2021,66.0,22.0,0
628,Tue Feb 23 12:59:51 2021,66.0,22.0,0
629,Tue Feb 23 12:59:51 2021,66.0,22.0,0
630,Tue Feb 23 12:59:51 2021,66.0,22.0,0
631,Tue Feb 23 12:59:51 2021,66.0,22.0,0
632,Tue Feb 23 12:59:51 2021,66.0,22.0,0
633,Tue Feb 23 12:59:51 2021,66.0,22.0,0
634,Tue Feb 23 12:59:51 2021,66.0,22.0,0
635,Tue Feb 23 12:59:51 2021,66.0,22.0,0
636,Tue Feb 23 12:59:51 2021,66.0,22.0,0
637,Tue Feb 23 12:59:52 2021,66.0,22.0,0
638,Tue Feb 23 12:59:52 2021,66.0,22.0,0
639,Tue Feb 23 12:59:52 2021,66.0,22.0,0
640,Tue Feb 23 12:59:52 2021,66.0,22.0,0
641,Tue Feb 23 12:59:52 2021,66.0,22.0,0
642,Tue Feb 23 12:59:52 2021,66.0,22.0,0
643,Tue Feb 23 12:59:52 2021,66.0,22.0,0
644,Tue Feb 23 12:59:52 2021,66.0,22.0,0
645,Tue Feb 23 12:59:52 2021,66.0,22.0,0
646,Tue Feb 23 12:59:52 2021,66.0,22.0,0
647,Tue Feb 23 12:59:52 2021,66.0,22.0,0
648,Tue Feb 23 12:59:52 2021,66.0,22.0,0
649,Tue Feb 23 12:59:52 2021,66.0,22.0,0
650,Tue Feb 23 12:59:52 2021,66.0,22.0,0
651,Tue Feb 23 12:59:52 2021,66.0,22.0,0
652,Tue Feb 23 12:59:52 2021,66.0,22.0,0
653,Tue Feb 23 12:59:52 2021,66.0,22.0,0
654,Tue Feb 23 12:59:52 2021,66.0,22.0,0
655,Tue Feb 23 12:59:52 2021,66.0,22.0,0
656,Tue Feb 23 12:59:52 2021,66.0,22.0,0
657,Tue Feb 23 12:59:52 2021,66.0,22.0,0
658,Tue Feb 23 12:59:52 2021,66.0,22.0,0
659,Tue Feb 23 12:59:52 2021,66.0,22.0,0
660,Tue Feb 23 12:59:52 2021,66.0,22.0,0
661,Tue Feb 23 12:59:52 2021,66.0,22.0,0
662,Tue Feb 23 12:59:52 2021,66.0,22.0,0
663,Tue Feb 23 12:59:52 2021,66.0,22.0,0
664,Tue Feb 23 12:59:52 2021,66.0,22.0,0
665,Tue Feb 23 12:59:52 2021,66.0,22.0,0
666,Tue Feb 23 12:59:52 2021,66.0,22.0,0
667,Tue Feb 23 12:59:52 2021,66.0,22.0,0
668,Tue Feb 23 12:59:52 2021,66.0,22.0,0
669,Tue Feb 23 12:59:52 2021,66.0,22.0,0
670,Tue Feb 23 12:59:52 2021,66.0,22.0,0
671,Tue Feb 23 12:59:52 2021,66.0,22.0,0
672,Tue Feb 23 12:59:52 2021,66.0,22.0,0
673,Tue Feb 23 12:59:52 2021,66.0,22.0,0
674,Tue Feb 23 12:59:52 2021,66.0,22.0,0
675,Tue Feb 23 12:59:52 2021,66.0,22.0,0
676,Tue Feb 23 12:59:52 2021,66.0,22.0,0
677,Tue Feb 23 12:59:52 2021,66.0,22.0,0
678,Tue Feb 23 12:59:52 2021,66.0,22.0,0
679,Tue Feb 23 12:59:52 2021,66.0,22.0,0
680,Tue Feb 23 12:59:52 2021,66.0,22.0,0
681,Tue Feb 23 12:59:52 2021,66.0,22.0,0
682,Tue Feb 23 12:59:52 2021,66.0,22.0,0
683,Tue Feb 23 12:59:52 2021,66.0,22.0,0
684,Tue Feb 23 12:59:52 2021,66.0,22.0,0
685,Tue Feb 23 12:59:52 2021,66.0,22.0,0
686,Tue Feb 23 12:59:52 2021,66.0,22.0,0
687,Tue Feb 23 12:59:52 2021,66.0,22.0,0
688,Tue Feb 23 12:59:52 2021,66.0,22.0,0
689,Tue Feb 23 12:59:52 2021,66.0,22.0,0
690,Tue Feb 23 12:59:52 2021,66.0,22.0,0
691,Tue Feb 23 12:59:53 2021,66.0,22.0,0
692,Tue Feb 23 12:59:53 2021,66.0,22.0,0
693,Tue Feb 23 12:59:53 2021,66.0,22.0,0
694,Tue Feb 23 12:59:53 2021,66.0,22.0,0
695,Tue Feb 23 12:59:53 2021,66.0,22.0,0
696,Tue Feb 23 12:59:53 2021,66.0,22.0,0
697,Tue Feb 23 12:59:53 2021,66.0,22.0,0
698,Tue Feb 23 12:59:53 2021,66.0,22.0,0
699,Tue Feb 23 12:59:53 2021,66.0,22.0,0
700,Tue Feb 23 12:59:53 2021,66.0,22.0,0
701,Tue Feb 23 12:59:53 2021,66.0,22.0,0
702,Tue Feb 23 12:59:53 2021,66.0,22.0,0
703,Tue Feb 23 12:59:53 2021,66.0,22.0,0
704,Tue Feb 23 12:59:53 2021,66.0,22.0,0
705,Tue Feb 23 12:59:53 2021,66.0,22.0,0
706,Tue Feb 23 12:59:53 2021,66.0,22.0,0
707,Tue Feb 23 12:59:53 2021,66.0,22.0,0
708,Tue Feb 23 12:59:53 2021,66.0,22.0,0
709,Tue Feb 23 12:59:53 2021,66.0,22.0,0
710,Tue Feb 23 12:59:53 2021,66.0,22.0,0
711,Tue Feb 23 12:59:53 2021,66.0,22.0,0
712,Tue Feb 23 12:59:53 2021,66.0,22.0,0
713,Tue Feb 23 12:59:53 2021,66.0,22.0,0
714,Tue Feb 23 12:59:53 2021,66.0,22.0,0
715,Tue Feb 23 12:59:53 2021,66.0,22.0,0
716,Tue Feb 23 12:59:53 2021,66.0,22.0,0
717,Tue Feb 23 12:59:53 2021,66.0,22.0,0
718,Tue Feb 23 12:59:53 2021,66.0,22.0,0
719,Tue Feb 23 12:59:53 2021,66.0,22.0,0
720,Tue Feb 23 12:59:53 2021,66.0,22.0,0
721,Tue Feb 23 12:59:53 2021,66.0,22.0,0
722,Tue Feb 23 12:59:53 2021,66.0,22.0,0
723,Tue Feb 23 12:59:53 2021,66.0,22.0,0
724,Tue Feb 23 12:59:53 2021,66.0,22.0,0
725,Tue Feb 23 12:59:53 2021,66.0,22.0,0
726,Tue Feb 23 12:59:53 2021,66.0,22.0,0
727,Tue Feb 23 12:59:53 2021,66.0,22.0,0
728,Tue Feb 23 12:59:53 2021,66.0,22.0,0
729,Tue Feb 23 12:59:53 2021,66.0,22.0,0
730,Tue Feb 23 12:59:53 2021,66.0,22.0,0
731,Tue Feb 23 12:59:53 2021,66.0,22.0,0
732,Tue Feb 23 12:59:53 2021,66.0,22.0,0
733,Tue Feb 23 12:59:53 2021,66.0,22.0,0
734,Tue Feb 23 12:59:53 2021,66.0,22.0,0
735,Tue Feb 23 12:59:53 2021,66.0,22.0,0
736,Tue Feb 23 12:59:53 2021,66.0,22.0,0
737,Tue Feb 23 12:59:53 2021,66.0,22.0,0
738,Tue Feb 23 12:59:53 2021,66.0,22.0,0
739,Tue Feb 23 12:59:53 2021,66.0,22.0,0
740,Tue Feb 23 12:59:53 2021,66.0,22.0,0
741,Tue Feb 23 12:59:53 2021,66.0,22.0,0
742,Tue Feb 23 12:59:53 2021,66.0,22.0,0
743,Tue Feb 23 12:59:53 2021,66.0,22.0,0
744,Tue Feb 23 12:59:53 2021,66.0,22.0,0
745,Tue Feb 23 12:59:53 2021,66.0,22.0,0
746,Tue Feb 23 12:59:53 2021,66.0,22.0,0
747,Tue Feb 23 12:59:53 2021,66.0,22.0,0
748,Tue Feb 23 12:59:53 2021,66.0,22.0,0
749,Tue Feb 23 12:59:53 2021,66.0,22.0,0
750,Tue Feb 23 12:59:53 2021,66.0,22.0,0
751,Tue Feb 23 12:59:53 2021,66.0,22.0,0
752,Tue Feb 23 12:59:53 2021,66.0,22.0,0
753,Tue Feb 23 12:59:53 2021,66.0,22.0,0
754,Tue Feb 23 12:59:53 2021,66.0,22.0,0
755,Tue Feb 23 12:59:53 2021,66.0,22.0,0
756,Tue Feb 23 12:59:53 2021,66.0,22.0,0
757,Tue Feb 23 12:59:53 2021,66.0,22.0,0
758,Tue Feb 23 12:59:53 2021,66.0,22.0,0
759,Tue Feb 23 12:59:53 2021,66.0,22.0,0
760,Tue Feb 23 12:59:53 2021,66.0,22.0,0
761,Tue Feb 23 12:59:53 2021,66.0,22.0,0
762,Tue Feb 23 12:59:53 2021,66.0,22.0,0
763,Tue Feb 23 12:59:53 2021,66.0,22.0,0
764,Tue Feb 23 12:59:53 2021,66.0,22.0,0
765,Tue Feb 23 12:59:53 2021,66.0,22.0,0
766,Tue Feb 23 12:59:53 2021,66.0,22.0,0
767,Tue Feb 23 12:59:53 2021,66.0,22.0,0
768,Tue Feb 23 12:59:53 2021,66.0,22.0,0
769,Tue Feb 23 12:59:53 2021,66.0,22.0,0
770,Tue Feb 23 12:59:53 2021,66.0,22.0,0
771,Tue Feb 23 12:59:53 2021,66.0,22.0,0
772,Tue Feb 23 12:59:53 2021,66.0,22.0,0
773,Tue Feb 23 12:59:53 2021,66.0,22.0,0
774,Tue Feb 23 12:59:53 2021,66.0,22.0,0
775,Tue Feb 23 12:59:53 2021,66.0,22.0,0
776,Tue Feb 23 12:59:53 2021,66.0,22.0,0
777,Tue Feb 23 12:59:53 2021,66.0,22.0,0
778,Tue Feb 23 12:59:53 2021,66.0,22.0,0
779,Tue Feb 23 12:59:53 2021,66.0,22.0,0
780,Tue Feb 23 12:59:53 2021,66.0,22.0,0
781,Tue Feb 23 12:59:53 2021,66.0,22.0,0
782,Tue Feb 23 12:59:53 2021,66.0,22.0,0
783,Tue Feb 23 12:59:53 2021,66.0,22.0,0
784,Tue Feb 23 12:59:53 2021,66.0,22.0,0
785,Tue Feb 23 12:59:53 2021,66.0,22.0,0
786,Tue Feb 23 12:59:53 2021,66.0,22.0,0
787,Tue Feb 23 12:59:53 2021,66.0,22.0,0
788,Tue Feb 23 12:59:53 2021,66.0,22.0,0
789,Tue Feb 23 12:59:53 2021,66.0,22.0,0
790,Tue Feb 23 12:59:53 2021,66.0,22.0,0
791,Tue Feb 23 12:59:53 2021,66.0,22.0,0
792,Tue Feb 23 12:59:53 2021,66.0,22.0,0
793,Tue Feb 23 12:59:53 2021,66.0,22.0,0
794,Tue Feb 23 12:59:53 2021,66.0,22.0,0
795,Tue Feb 23 12:59:53 2021,66.0,22.0,0
796,Tue Feb 23 12:59:53 2021,66.0,22.0,0
797,Tue Feb 23 12:59:53 2021,66.0,22.0,0
798,Tue Feb 23 12:59:53 2021,66.0,22.0,0
799,Tue Feb 23 12:59:53 2021,66.0,22.0,0
800,Tue Feb 23 12:59:53 2021,66.0,22.0,0
801,Tue Feb 23 12:59:53 2021,66.0,22.0,0
802,Tue Feb 23 12:59:53 2021,66.0,22.0,0
803,Tue Feb 23 12:59:54 2021,66.0,22.0,0
804,Tue Feb 23 12:59:54 2021,66.0,22.0,0
805,Tue Feb 23 12:59:54 2021,66.0,22.0,0
806,Tue Feb 23 12:59:54 2021,66.0,22.0,0
807,Tue Feb 23 12:59:54 2021,66.0,22.0,0
808,Tue Feb 23 12:59:54 2021,66.0,22.0,0
809,Tue Feb 23 12:59:54 2021,66.0,22.0,0
810,Tue Feb 23 12:59:54 2021,66.0,22.0,0
811,Tue Feb 23 12:59:54 2021,66.0,22.0,0
812,Tue Feb 23 12:59:54 2021,66.0,22.0,0
813,Tue Feb 23 12:59:54 2021,66.0,22.0,0
814,Tue Feb 23 12:59:54 2021,66.0,22.0,0
815,Tue Feb 23 12:59:54 2021,66.0,22.0,0
816,Tue Feb 23 12:59:54 2021,66.0,22.0,0
817,Tue Feb 23 12:59:54 2021,66.0,22.0,0
818,Tue Feb 23 12:59:54 2021,66.0,22.0,0
819,Tue Feb 23 12:59:54 2021,66.0,22.0,0
820,Tue Feb 23 12:59:54 2021,66.0,22.0,0
821,Tue Feb 23 12:59:54 2021,66.0,22.0,0
822,Tue Feb 23 12:59:54 2021,66.0,22.0,0
823,Tue Feb 23 12:59:54 2021,66.0,22.0,0
824,Tue Feb 23 12:59:54 2021,66.0,22.0,0
825,Tue Feb 23 12:59:54 2021,66.0,22.0,0
826,Tue Feb 23 12:59:54 2021,66.0,22.0,0
827,Tue Feb 23 12:59:54 2021,66.0,22.0,0
828,Tue Feb 23 12:59:54 2021,66.0,22.0,0
829,Tue Feb 23 12:59:54 2021,66.0,22.0,0
830,Tue Feb 23 12:59:54 2021,66.0,22.0,0
831,Tue Feb 23 12:59:54 2021,66.0,22.0,0
832,Tue Feb 23 12:59:54 2021,66.0,22.0,0
833,Tue Feb 23 12:59:54 2021,66.0,22.0,0
834,Tue Feb 23 12:59:54 2021,66.0,22.0,0
835,Tue Feb 23 12:59:54 2021,66.0,22.0,0
836,Tue Feb 23 12:59:54 2021,66.0,22.0,0
837,Tue Feb 23 12:59:54 2021,66.0,22.0,0
838,Tue Feb 23 12:59:54 2021,66.0,22.0,0
839,Tue Feb 23 12:59:54 2021,66.0,22.0,0
840,Tue Feb 23 12:59:54 2021,66.0,22.0,0
841,Tue Feb 23 12:59:54 2021,66.0,22.0,0
842,Tue Feb 23 12:59:54 2021,66.0,22.0,0
843,Tue Feb 23 12:59:54 2021,66.0,22.0,0
844,Tue Feb 23 12:59:54 2021,66.0,22.0,0
845,Tue Feb 23 12:59:54 2021,66.0,22.0,0
846,Tue Feb 23 12:59:54 2021,66.0,22.0,0
847,Tue Feb 23 12:59:54 2021,66.0,22.0,0
848,Tue Feb 23 12:59:54 2021,66.0,22.0,0
849,Tue Feb 23 12:59:54 2021,66.0,22.0,0
850,Tue Feb 23 12:59:54 2021,66.0,22.0,0
851,Tue Feb 23 12:59:54 2021,66.0,22.0,0
852,Tue Feb 23 12:59:54 2021,66.0,22.0,0
853,Tue Feb 23 12:59:54 2021,66.0,22.0,0
854,Tue Feb 23 12:59:54 2021,66.0,22.0,0
855,Tue Feb 23 12:59:54 2021,66.0,22.0,0
856,Tue Feb 23 12:59:54 2021,66.0,22.0,0
857,Tue Feb 23 12:59:54 2021,66.0,22.0,0
858,Tue Feb 23 12:59:54 2021,66.0,22.0,0
859,Tue Feb 23 12:59:54 2021,66.0,22.0,0
860,Tue Feb 23 12:59:54 2021,66.0,22.0,0
861,Tue Feb 23 12:59:54 2021,66.0,22.0,0
862,Tue Feb 23 12:59:54 2021,66.0,22.0,0
863,Tue Feb 23 12:59:54 2021,66.0,22.0,0
864,Tue Feb 23 12:59:54 2021,66.0,22.0,0
865,Tue Feb 23 12:59:54 2021,66.0,22.0,0
866,Tue Feb 23 12:59:54 2021,66.0,22.0,0
867,Tue Feb 23 12:59:54 2021,66.0,22.0,0
868,Tue Feb 23 12:59:54 2021,66.0,22.0,0
869,Tue Feb 23 12:59:54 2021,66.0,22.0,0
870,Tue Feb 23 12:59:54 2021,66.0,22.0,0
871,Tue Feb 23 12:59:54 2021,66.0,22.0,0
872,Tue Feb 23 12:59:54 2021,66.0,22.0,0
873,Tue Feb 23 12:59:54 2021,66.0,22.0,0
874,Tue Feb 23 12:59:54 2021,66.0,22.0,0
875,Tue Feb 23 12:59:54 2021,66.0,22.0,0
876,Tue Feb 23 12:59:54 2021,66.0,22.0,0
877,Tue Feb 23 12:59:54 2021,66.0,22.0,0
878,Tue Feb 23 12:59:54 2021,66.0,22.0,0
879,Tue Feb 23 12:59:54 2021,66.0,22.0,0
880,Tue Feb 23 12:59:54 2021,66.0,22.0,0
881,Tue Feb 23 12:59:54 2021,66.0,22.0,0
882,Tue Feb 23 12:59:54 2021,66.0,22.0,0
883,Tue Feb 23 12:59:54 2021,66.0,22.0,0
884,Tue Feb 23 12:59:54 2021,66.0,22.0,0
885,Tue Feb 23 12:59:54 2021,66.0,22.0,0
886,Tue Feb 23 12:59:54 2021,66.0,22.0,0
887,Tue Feb 23 12:59:54 2021,66.0,22.0,0
888,Tue Feb 23 12:59:54 2021,66.0,22.0,0
889,Tue Feb 23 12:59:54 2021,66.0,22.0,0
890,Tue Feb 23 12:59:54 2021,66.0,22.0,0
891,Tue Feb 23 12:59:54 2021,66.0,22.0,0
892,Tue Feb 23 12:59:54 2021,66.0,22.0,0
893,Tue Feb 23 12:59:54 2021,66.0,22.0,0
894,Tue Feb 23 12:59:54 2021,66.0,22.0,0
895,Tue Feb 23 12:59:54 2021,66.0,22.0,0
896,Tue Feb 23 12:59:54 2021,66.0,22.0,0
897,Tue Feb 23 12:59:54 2021,66.0,22.0,0
898,Tue Feb 23 12:59:55 2021,66.0,22.0,0
899,Tue Feb 23 12:59:55 2021,66.0,22.0,0
900,Tue Feb 23 12:59:55 2021,66.0,22.0,0
901,Tue Feb 23 12:59:55 2021,66.0,22.0,0
902,Tue Feb 23 12:59:55 2021,66.0,22.0,0
903,Tue Feb 23 12:59:55 2021,66.0,22.0,0
904,Tue Feb 23 12:59:55 2021,66.0,22.0,0
905,Tue Feb 23 12:59:55 2021,66.0,22.0,0
906,Tue Feb 23 12:59:55 2021,66.0,22.0,0
907,Tue Feb 23 12:59:55 2021,66.0,22.0,0
908,Tue Feb 23 12:59:55 2021,66.0,22.0,0
909,Tue Feb 23 12:59:55 2021,66.0,22.0,0
910,Tue Feb 23 12:59:55 2021,66.0,22.0,0
